{"loss": [0.528564453125, 0.18857306241989136, 0.1414300501346588, 0.10815250873565674, 0.0848892331123352], "accuracy": [0.8735561966896057, 0.9461091160774231, 0.9589534401893616, 0.9685257077217102, 0.9756496548652649], "val_loss": [0.22003914415836334, 0.17624379694461823, 0.16151607036590576, 0.15960735082626343, 0.16299782693386078], "val_accuracy": [0.9375979900360107, 0.94920814037323, 0.9544531106948853, 0.9559997320175171, 0.9566220641136169]}