{"loss": [0.6194550395011902, 0.21726273000240326, 0.17384278774261475, 0.14998316764831543, 0.1357463002204895], "accuracy": [0.8499053120613098, 0.9387235045433044, 0.9499900937080383, 0.9564728140830994, 0.9605141282081604], "val_loss": [0.2465260922908783, 0.19227007031440735, 0.1740039736032486, 0.16419009864330292, 0.16161765158176422], "val_accuracy": [0.9310897588729858, 0.9454264044761658, 0.9503270387649536, 0.9530839323997498, 0.9539949893951416]}