{"loss": [0.4444391429424286, 0.16140028834342957, 0.10738224536180496, 0.06029351055622101, 0.027508152648806572], "accuracy": [0.88946932554245, 0.9530813097953796, 0.9678623080253601, 0.9815426468849182, 0.9920279383659363], "val_loss": [0.19247616827487946, 0.15506857633590698, 0.13620522618293762, 0.1392560601234436, 0.15688137710094452], "val_accuracy": [0.9449946880340576, 0.9547047019004822, 0.9612936973571777, 0.9639896750450134, 0.9647828340530396]}