{"loss": [0.41145312786102295, 0.15123441815376282, 0.09702394902706146, 0.0502154603600502, 0.0199899822473526], "accuracy": [0.8955384492874146, 0.9556597471237183, 0.9706675410270691, 0.9846333861351013, 0.9944769740104675], "val_loss": [0.18053936958312988, 0.1445176750421524, 0.13459451496601105, 0.14345672726631165, 0.1656569093465805], "val_accuracy": [0.9473186135292053, 0.9578561782836914, 0.961976945400238, 0.9641843438148499, 0.9648040533065796]}